first, last, private
Miguel,Wells,private
Caleb,Blake,private
Jared,Stevenson,private
Chester,Bradley,private
Alberta,Moody,private
Dustin,Dixon,private
Adam,Marshall,private
Vera,Houston,private
Mildred,Black,private
Della,Barrett,private
Estelle,Pearson,private
Alberta,Paul,private
Birdie,Gordon,private
Howard,White,private
Juan,Butler,private
Adrian,Harrington,private
Sarah,Wilkerson,private
Luella,Morton,private
Curtis,Armstrong,private
Antonio,Ford,private
Isaac,Estrada,private
Howard,Burke,private
Terry,Quinn,private
Ivan,Goodwin,private
Francisco,Rivera,private
Christina,Anderson,private
Elva,Singleton,private
Tony,Dawson,private
Lucinda,Gilbert,private
Lula,Day,private
Grace,Cohen,private
Charles,Page,private
Marguerite,May,private
Gabriel,Armstrong,private
Lula,Barker,private
Jorge,Mendoza,private
Evelyn,Poole,private
Lettie,Lambert,private
Rhoda,Mathis,private
Benjamin,Jennings,private
Stanley,Wise,private
Eugene,Gomez,private
Olive,Sherman,private
Elijah,Watts,private
Ida,Paul,private
Ethel,Reynolds,private
Kenneth,Ingram,private
Nicholas,Miles,private
Garrett,Smith,private
Barbara,Hammond,private
Gilbert,Poole,private
Leah,Baldwin,private
Marie,Brock,private
Ruth,Myers,private
Floyd,Jones,private
Henrietta,Hogan,private
Eugenia,Saunders,private
Rosa,Olson,private
Delia,Wagner,private
Kevin,Norton,private
Glen,Wise,private
Austin,Sullivan,private
Elsie,Nash,private
Don,Walton,private
Oscar,Fernandez,private
Herbert,Myers,private
Marcus,Olson,private
Vincent,Campbell,private
Vera,Alvarez,private
Lloyd,Brooks,private
Henrietta,Lawson,private
Vernon,Conner,private
Christopher,Stone,private
Jerry,Roberts,private
Glenn,Chavez,private
Vincent,Townsend,private
Daisy,Freeman,private
Jeremy,White,private
Peter,Conner,private
Andre,Potter,private
Leroy,Vargas,private
Callie,Thomas,private
Teresa,Malone,private
Brent,May,private
Jeffery,Keller,private
Jeremy,Maldonado,private
Effie,Douglas,private
Jesus,Edwards,private
Ernest,Warner,private
Mabel,Hudson,private
Jane,Schneider,private
Annie,Ellis,private
Franklin,Goodwin,private
Dale,Jennings,private
Kathryn,Nash,private
Milton,Stokes,private
Donald,Doyle,private
Georgia,Foster,private
Esther,Singleton,private
Clarence,Mathis,private
Aaron,Ball,private
William,Steele,private
Ian,Tate,private
Tom,Medina,private
Brian,Brewer,private
Loretta,Pratt,private
Johanna,Campbell,private
Adele,Kennedy,private
Polly,Ramirez,private
Matilda,McGuire,private
Curtis,Fletcher,private
Jayden,Jones,private
Adeline,Lawson,private
Edgar,Garrett,private
Anne,Stewart,private
Jason,Hernandez,private
Birdie,Harmon,private
Jessie,Mills,private
Owen,Cook,private
Christine,Alvarez,private
Charles,Long,private
Winnie,Douglas,private
Gertrude,McKinney,private
Ruby,Clark,private
Bryan,Crawford,private
Amy,Rowe,private
Hilda,Vega,private
Willie,Fleming,private
Bertie,Reynolds,private
Gavin,Armstrong,private
Genevieve,Mullins,private
Amanda,Ortega,private
Gerald,Willis,private
Henry,Copeland,private
Sylvia,Cruz,private
Jordan,Pope,private
Cole,Simmons,private
Rhoda,Murray,private
Nicholas,Newton,private
Cora,Houston,private
Celia,Graham,private
Luella,Reed,private
Duane,Riley,private
Eddie,Bell,private
Rosa,Woods,private
Gregory,Nichols,private
Francisco,Flowers,private
Elmer,Jimenez,private
Lora,Romero,private
Genevieve,Knight,private
Bettie,Walters,private
Ida,Brewer,private
Mathilda,Warner,private
Fannie,Brewer,private
Lida,Lyons,private
Seth,Lloyd,private
Bess,Cox,private
Lida,Porter,private
Beatrice,Fernandez,private
Chad,Romero,private
Maria,Nelson,private
Eric,Stokes,private
Carlos,Dawson,private
Chester,Benson,private
Landon,Garcia,private
Steven,Pena,private
Bettie,Buchanan,private
Edwin,Olson,private
Lily,Ortega,private
William,Norris,private
Cory,Collier,private
Mildred,Sanchez,private
Madge,Ortiz,private
Shawn,Massey,private
Cecelia,Wright,private
Austin,Richardson,private
Tony,Gibson,private
Chad,Moreno,private
Randy,Adkins,private
Edna,Hubbard,private
Willie,Wilkerson,private
Adam,Malone,private
Ethan,Davis,private
Elmer,Chandler,private
Terry,Edwards,private
Anne,Jennings,private
Bryan,Meyer,private
Herman,Pittman,private
Ronnie,Allen,private
Ida,Nichols,private
Sallie,Rogers,private
Warren,Vaughn,private
Mamie,Hayes,private
Garrett,Huff,private
Sean,Collier,private
Verna,Graham,private
Dora,Chambers,private
Rhoda,McDonald,private
Cora,Frank,private
James,Stephens,private
Rachel,Glover,private
Barry,Estrada,private
Jean,Ramos,private
Derrick,Garrett,private
Christian,Walters,private
Janie,Sanders,private
Ronald,Haynes,private
Randy,Gardner,private
Erik,Haynes,private
Lou,Wagner,private
Alma,Diaz,private
Alvin,Lynch,private
David,White,private
Donald,Pittman,private
Elmer,Padilla,private
Leah,Mason,private
Shawn,Gonzales,private
James,Torres,private
Myra,Sandoval,private
Amanda,Reid,private
Mathilda,Chavez,private
Kenneth,Arnold,private
Lawrence,Norris,private
Dominic,Barrett,private
Andre,Davis,private
Leona,Dixon,private
Lucy,Vargas,private
Eliza,Adkins,private
Sylvia,Rhodes,private
Carl,Casey,private
Andrew,Hall,private
Eugenia,Howell,private
Lizzie,Gilbert,private
Elnora,Sherman,private
Adam,Jones,private
Katharine,Owens,private
Fannie,Nunez,private
Alexander,Mack,private
Estelle,Dean,private
Owen,Casey,private
Susan,Lloyd,private
Belle,Kelley,private
Logan,Davis,private
Wesley,Summers,private
Jeffrey,Nash,private
Matthew,Crawford,private
Benjamin,Dawson,private
Rhoda,Morgan,private
Micheal,Morrison,private
Chester,McCoy,private
Carlos,Armstrong,private
Nathan,Saunders,private
Marvin,Ramsey,private
Harriett,Cooper,private
William,Robinson,private
Brett,Watkins,private
Ethan,Wood,private
Vera,Hudson,private
Matilda,Robbins,private
Cecilia,Townsend,private
Jared,Luna,private
Herbert,Poole,private
Kate,Logan,private
Jayden,Cohen,private
Lucinda,Mullins,private
Steven,Ball,private
Mark,Brooks,private
Ricardo,Hammond,private
Lora,Coleman,private
Austin,Fowler,private
Eugenia,Thomas,private
Stephen,Knight,private
Julia,Perry,private
Pauline,Crawford,private
Mabelle,Oliver,private
Edith,Dawson,private
Cole,Howard,private
Lillie,Ross,private
Tony,Ferguson,private
Victoria,Medina,private
Eliza,Nash,private
Adeline,Quinn,private
Jeffrey,Hampton,private
Gary,Vaughn,private
Mamie,Palmer,private
Clifford,Green,private
Isaac,McCoy,private
Melvin,Sanders,private
Callie,Nichols,private
Maurice,Carlson,private
Howard,Hawkins,private
Jayden,Hansen,private
Nicholas,Hughes,private
Vincent,Ryan,private
Evan,Franklin,private
Rose,Luna,private
Pearl,Henry,private
Miguel,Reynolds,private
Albert,Mendoza,private
Jeffrey,Walker,private

